Date,Open,High,Low,Close,Adj Close,Volume
7/2/2019,43.060001,45,42.75,44.98,44.98,16703600
7/3/2019,45.360001,45.48,43.799999,43.889999,43.889999,14237500
7/5/2019,44.07,45.110001,43.549999,45.060001,45.060001,16172000
7/6/2019,44.91,46.75,44.610001,46.650002,46.650002,23740700
7/9/2019,46.740002,46.900002,42.080002,44.139999,44.139999,107582400
7/10/2019,44.200001,45.259998,43.630001,43.75,43.75,38467400
7/11/2019,42.630001,44.099998,42.220001,43.869999,43.869999,35100100
7/12/2019,44.799999,45.34,44.360001,45.259998,45.259998,27078500
7/13/2019,45.279999,45.32,43.93,44.490002,44.490002,16426700
7/16/2019,44.299999,44.73,43.91,44.259998,44.259998,13012800
7/17/2019,43.59,45.259998,43.150002,44.709999,44.709999,20122300
7/18/2019,44.189999,44.75,42.740002,43.34,43.34,26536800
7/19/2019,43.27,43.869999,43.110001,43.439999,43.439999,13366800
7/20/2019,43.5,44.130001,43.23,43.419998,43.419998,10437700
7/23/2019,43.450001,43.849998,42.400002,43.310001,43.310001,15251200
7/24/2019,43.77,43.799999,41.59,42.169998,42.169998,22433900
7/25/2019,42.349998,44.389999,42.349998,44.220001,44.220001,25140700
7/26/2019,42.869999,43.41,42.139999,42.939999,42.939999,30018700
7/27/2019,37.25,37.470001,33.900002,34.119999,34.119999,122752800
7/30/2019,34.169998,34.259998,31.07,31.379999,31.379999,77852400
7/31/2019,31.950001,32.48,31.07,31.870001,31.870001,64392200
8/1/2019,32.25,32.59,31.459999,31.91,31.91,33231700
8/2/2019,31.58,32.869999,31.34,32.82,32.82,27088000
8/3/2019,32.580002,32.990002,31.799999,31.959999,31.959999,26317000
8/6/2019,31.82,33.040001,31.450001,32.98,32.98,27512400
8/7/2019,33.099998,33.610001,32.549999,32.669998,32.669998,24635600
8/8/2019,32.75,32.779999,31.809999,31.84,31.84,22539400
8/9/2019,31.85,32.380001,31.610001,31.959999,31.959999,17662100
8/10/2019,31.65,32.25,31.469999,32.009998,32.009998,16073900
8/13/2019,32.040001,33.619999,32.02,32.799999,32.799999,44235300
8/14/2019,33.400002,33.43,32.52,33.189999,33.189999,26442600
8/15/2019,32.810001,33.23,31.950001,32.380001,32.380001,26433400
8/16/2019,32.700001,33.150002,32.419998,32.830002,32.830002,20873200
8/17/2019,32.740002,33.09,32.34,32.73,32.73,14874600
8/20/2019,32.790001,32.939999,32.200001,32.599998,32.599998,16535700
8/21/2019,32.75,34.139999,32.599998,33.689999,33.689999,29575700
8/22/2019,33.450001,34.169998,33.349998,33.810001,33.810001,18576300
8/23/2019,33.900002,34.740002,33.720001,33.880001,33.880001,25746300
8/24/2019,34,34.490002,33.93,34.279999,34.279999,15214000
8/27/2019,34.66,36,34.48,35.889999,35.889999,28306300
8/28/2019,35.98,36.040001,34.889999,35.490002,35.490002,22281600
8/29/2019,35.41,35.599998,34.810001,35.349998,35.349998,17697200
8/30/2019,35.27,36.150002,35.209999,35.639999,35.639999,19217200
8/31/2019,35.57,35.720001,34.59,35.18,35.18,19073900
9/4/2019,34.75,35.130001,34.48,34.84,34.84,13567600
9/5/2019,34.650002,34.700001,32.509998,32.73,32.73,36051100
9/6/2019,32.860001,32.950001,30.620001,30.809999,30.809999,36023600
9/7/2019,30.309999,31.389999,29.82,30.49,30.49,31484200
9/10/2019,30.5,30.6,29.950001,30.540001,30.540001,17805800
9/11/2019,30.440001,31.440001,30.35,30.889999,30.889999,16000100
9/12/2019,30.610001,30.83,29.25,29.75,29.75,29845200
9/13/2019,30.1,30.57,29.860001,30.389999,30.389999,18522500
9/14/2019,30.450001,30.77,30.059999,30.120001,30.120001,13474700
9/17/2019,29.049999,29.280001,28.43,28.860001,28.860001,30592300
9/18/2019,28.84,29.629999,28.75,29.219999,29.219999,15856800
9/19/2019,29.15,29.559999,28.82,29.52,29.52,16023500
9/20/2019,29.700001,30.02,29.24,29.85,29.85,15378000
9/21/2019,29.860001,29.950001,28.49,28.5,28.5,43122600
9/24/2019,28.33,29.120001,27.93,28.6,28.6,20249000
9/25/2019,28.75,29.24,28.440001,29.110001,29.110001,16130300
9/26/2019,29.200001,29.450001,28.799999,29.01,29.01,12742100
9/27/2019,29.059999,29.690001,28.879999,29.42,29.42,14830500
9/28/2019,29.25,29.280001,28.41,28.459999,28.459999,22719600
10/1/2019,28.51,28.700001,28,28.309999,28.309999,20538900
10/2/2019,28.139999,28.620001,27.91,28.190001,28.190001,17714400
10/3/2019,28.379999,29.120001,28.25,29.01,29.01,19358700
10/4/2019,28.75,28.76,27.870001,28.23,28.23,21120400
10/5/2019,28.34,28.959999,27.969999,28.389999,28.389999,28996100
10/8/2019,28.209999,28.940001,27.719999,28.450001,28.450001,22114400
10/9/2019,28.700001,29.57,28.34,29.27,29.27,22749300
10/10/2019,29.120001,29.120001,26.76,26.790001,26.790001,40399400
10/11/2019,26.35,27.58,26.190001,27,27,33065300
10/12/2019,28.09,28.17,27.26,27.99,27.99,27127500
10/15/2019,27.85,29.049999,27.59,28.610001,28.610001,20225200
10/16/2019,29.1,29.889999,28.84,29.870001,29.870001,18443000
10/17/2019,29.950001,30.139999,28.959999,29.549999,29.549999,19379400
10/18/2019,29.4,30.24,28.98,29.290001,29.290001,24174300
10/19/2019,29.33,29.790001,28.68,28.83,28.83,20112900
10/22/2019,29.049999,29.280001,28.309999,29.18,29.18,21719400
10/23/2019,28.48,29.02,28.07,28.77,28.77,26503600
10/24/2019,28.85,29.77,27.309999,27.540001,27.540001,37910200
10/25/2019,31.32,33.669998,30.76,31.799999,31.799999,79251000
10/26/2019,31.200001,33.139999,30.940001,32.360001,32.360001,47747000
10/29/2019,32.459999,33.75,31.620001,32.389999,32.389999,40899900
10/30/2019,31.77,34.549999,31.299999,33.860001,33.860001,43678200
10/31/2019,34.369999,35.639999,34.349998,34.75,34.75,33063700
11/1/2019,34.599998,34.91,33.82,34.619999,34.619999,27498000
11/2/2019,34.869999,35.349998,33.849998,34.299999,34.299999,23994800
11/5/2019,34.259998,34.279999,33.369999,34.02,34.02,18214300
11/6/2019,33.959999,34.810001,33.84,34.419998,34.419998,15508300
11/7/2019,34.75,35.119999,34.380001,34.990002,34.990002,16802100
11/8/2019,34.880001,34.990002,33.869999,34.18,34.18,15146400
11/9/2019,33.75,34.419998,33.389999,34.080002,34.080002,16034700
11/12/2019,34,34.099998,31.780001,32.009998,32.009998,18147500
11/13/2019,32.240002,32.849998,31.469999,32.490002,32.490002,17206300
11/14/2019,32.889999,33.849998,32.75,32.91,32.91,19448700
11/15/2019,32.790001,33.360001,32.619999,33.150002,33.150002,16824800
11/16/2019,32.830002,33.919998,32.599998,33.669998,33.669998,17904100
11/19/2019,33.560001,33.599998,31.84,31.98,31.98,15745000
11/20/2019,29.969999,31.74,29.940001,31.059999,31.059999,20927600
11/21/2019,31.67,32.080002,31.1,31.610001,31.610001,16466900
11/23/2019,31.299999,31.959999,31.110001,31.120001,31.120001,5813900
11/26/2019,31.6,32.869999,31.52,32.82,32.82,17096000
11/27/2019,32.439999,33.099998,32.360001,32.610001,32.610001,10727400
11/28/2019,33,33,31.719999,32.73,32.73,19073300
11/29/2019,32.459999,32.540001,29.870001,31.299999,31.299999,50505700
11/30/2019,31.15,31.549999,30.110001,31.450001,31.450001,25833200
12/3/2019,32.240002,33.849998,32.209999,33.66,33.66,24027100
12/4/2019,33.279999,34.16,32.5,32.560001,32.560001,22472000
12/6/2019,32.459999,32.970001,31.110001,32.959999,32.959999,25922800
12/7/2019,32.84,34.369999,32.669998,32.830002,32.830002,29497100
12/10/2019,32.73,33.639999,32.259998,33.43,33.43,19971100
12/11/2019,34.130001,35.75,33.880001,34.450001,34.450001,30118600
12/12/2019,34.970001,37.139999,34.849998,36.25,36.25,32608500
12/13/2019,36.400002,36.490002,35.299999,35.889999,35.889999,22831600
12/14/2019,35.25,36.619999,35.049999,35.869999,35.869999,19528500
12/17/2019,35.68,35.700001,33.200001,33.43,33.43,23880900
12/18/2019,33.630001,34.169998,33.080002,33.740002,33.740002,18885100
12/19/2019,33.709999,34.700001,32.66,32.93,32.93,24784300
12/20/2019,32.59,32.720001,28.51,29.290001,29.290001,51983000
12/21/2019,29.309999,29.76,27.040001,27.309999,27.309999,38714100
12/24/2019,26.549999,27.27,26.26,26.450001,26.450001,18208300
12/26/2019,27,28.700001,26.799999,28.66,28.66,35529600
12/27/2019,28.139999,28.92,27.26,28.68,28.68,31987700
12/28/2019,28.93,29.139999,27.84,28.43,28.43,21820500
12/31/2019,28.6,29.129999,28.34,28.74,28.74,15975000
1/2/2020,28.26,28.99,27.870001,28.809999,28.809999,15053700
1/3/2020,28.379999,29.18,27.940001,27.99,27.99,19051700
1/4/2020,28.389999,30.1,28.309999,29.950001,29.950001,23412600
1/7/2020,30.200001,31.379999,29.77,31.34,31.34,19917800
1/8/2020,31.700001,32.049999,30.91,31.799999,31.799999,18915200
1/9/2020,31.799999,32.400002,31.540001,32.25,32.25,14554400
1/10/2020,33.080002,33.5,32.259998,33.09,33.09,30504500
1/11/2020,32.849998,33.200001,32.43,32.869999,32.869999,17732300
1/14/2020,32.380001,32.75,32.119999,32.369999,32.369999,9523000
1/15/2020,32.509998,33.349998,32.450001,33.02,33.02,13548200
1/16/2020,33.099998,33.299999,32.439999,32.470001,32.470001,10130200
1/17/2020,32.470001,33.09,32.389999,32.849998,32.849998,12059700
1/18/2020,33.049999,33.889999,32.77,33.27,33.27,16776800
1/22/2020,32.970001,33.349998,31.93,32.25,32.25,17780800
1/23/2020,32.259998,32.450001,30.719999,30.969999,30.969999,21084400
1/24/2020,30.940001,31.73,30.91,31.610001,31.610001,12470400
1/25/2020,31.99,33.619999,31.98,32.900002,32.900002,22513700
1/28/2020,32.650002,33.200001,32.119999,33.130001,33.130001,21750800
1/29/2020,33.330002,33.549999,31.459999,31.639999,31.639999,18849800
1/30/2020,32.040001,32.380001,31.42,32.259998,32.259998,17142500
1/31/2020,33.07,33.689999,32.790001,33.560001,33.560001,21211300
2/1/2020,33.560001,34.09,32.959999,33.189999,33.189999,18816600
2/4/2020,33.34,34.18,33.240002,33.939999,33.939999,14244100
2/5/2020,34.290001,34.57,33.919998,34.369999,34.369999,17610200
2/6/2020,35.049999,35.25,33.75,34.16,34.16,34058000
2/7/2020,31.17,31.73,30.309999,30.799999,30.799999,69764100
2/8/2020,30.469999,30.74,29.42,30.01,30.01,40669800
2/11/2020,30.17,30.440001,29.66,30.23,30.23,28838200
2/12/2020,30.440001,30.799999,30.23,30.389999,30.389999,20315300
2/13/2020,30.57,31.84,30.549999,31.120001,31.120001,29683300
2/14/2020,30.860001,31.280001,30.6,30.959999,30.959999,15321100
2/15/2020,31.200001,31.799999,30.969999,31.23,31.23,17591500
2/19/2020,31.23,32.110001,31.15,31.65,31.65,14391700
2/20/2020,31.709999,31.93,31.209999,31.370001,31.370001,16871100
2/21/2020,31.360001,31.48,30.6,30.76,30.76,13944900
2/22/2020,30.809999,31.73,30.809999,31.709999,31.709999,15413400
2/25/2020,31.99,32.709999,31.879999,31.99,31.99,15061300
2/26/2020,31.889999,31.959999,30.99,31.01,31.01,17519100
2/27/2020,30.950001,31,29.9,30.41,30.41,24639100
2/28/2020,30.25,30.790001,30.01,30.780001,30.780001,15242900
3/1/2020,31.17,31.190001,30.280001,30.620001,30.620001,12360700
3/4/2020,30.780001,31.26,30.07,30.5,30.5,15920400
3/5/2020,30.5,31.23,30.389999,31.030001,31.030001,13073500
3/6/2020,30.940001,31.34,30.59,30.799999,30.799999,10938600
3/7/2020,30.76,30.84,30.01,30.120001,30.120001,15779900
3/8/2020,29.639999,30.209999,29.41,30.040001,30.040001,11964300
3/11/2020,30.24,30.91,30.24,30.870001,30.870001,16013200
3/12/2020,31.15,31.41,30.889999,31.16,31.16,12324300
3/13/2020,31.309999,31.48,31.040001,31.299999,31.299999,10201300
3/14/2020,31.280001,31.549999,30.940001,31.030001,31.030001,12090600
3/15/2020,31.040001,31.41,30.709999,31.219999,31.219999,17522700
3/18/2020,31.25,31.58,30.84,31.08,31.08,13172600
3/19/2020,31.15,31.5,30.879999,31.27,31.27,15557400
3/20/2020,31.24,32.650002,31.16,32.57,32.57,22373800
3/21/2020,32.310001,32.689999,32.029999,32.610001,32.610001,13346900
3/22/2020,32.5,34.209999,32.34,33.02,33.02,28034700
3/25/2020,32.830002,33.299999,32.279999,32.59,32.59,15272300
3/26/2020,32.98,33.860001,32.919998,33.060001,33.060001,17252300
3/27/2020,32.93,33.450001,31.950001,32.279999,32.279999,13669400
3/28/2020,32.290001,32.93,31.73,32.869999,32.869999,17750600
3/29/2020,33.099998,33.240002,32.470001,32.880001,32.880001,13529300
4/1/2020,33.16,33.68,32.700001,33.439999,33.439999,12499700
4/2/2020,33.439999,33.889999,33.23,33.75,33.75,11638000
4/3/2020,34,34.759998,33.810001,34.380001,34.380001,18041000
4/4/2020,34.700001,35.139999,33.900002,34.419998,34.419998,14604100
4/5/2020,34.549999,34.799999,34.369999,34.720001,34.720001,9571700
4/8/2020,34.790001,35.060001,34.509998,34.860001,34.860001,10655000
4/9/2020,34.84,35.389999,34.810001,35.139999,35.139999,13889700
4/10/2020,35.259998,35.27,34.509998,34.75,34.75,11648800
4/11/2020,34.75,34.869999,34.41,34.580002,34.580002,10982700
4/12/2020,34.669998,34.830002,34.110001,34.369999,34.369999,12713800
4/15/2020,34.380001,35.029999,34.34,34.709999,34.709999,10248400
4/16/2020,34.84,34.990002,34.23,34.459999,34.459999,9396300
4/17/2020,34.73,34.900002,34.200001,34.48,34.48,9023000
4/18/2020,34.669998,34.860001,34.32,34.400002,34.400002,9806100
4/22/2020,34.400002,34.619999,33.82,34.389999,34.389999,19704300
4/23/2020,36.93,40.529999,36.91,39.77,39.77,104262500
4/24/2020,39.860001,39.950001,38.799999,39.290001,39.290001,30266900
4/25/2020,39.259998,40.130001,38.189999,38.48,38.48,26044800
4/26/2020,38.59,39.34,38.18,38.669998,38.669998,15270500
4/29/2020,38.630001,39.970001,38.630001,39.779999,39.779999,19680000
4/30/2020,39.790001,40.919998,39.650002,39.91,39.91,22912000
5/1/2020,40,40.07,39.259998,39.290001,39.290001,14962600
5/2/2020,39.240002,40,38.84,39.950001,39.950001,13419100
5/3/2020,40.48,40.82,39.959999,40.799999,40.799999,15577100
5/6/2020,39.689999,40.439999,39.450001,40.23,40.23,14517400
5/7/2020,39.900002,40.150002,38.119999,38.619999,38.619999,19283100
5/8/2020,38.450001,39.150002,38.330002,38.580002,38.580002,9168400
5/9/2020,38.110001,39.02,37.82,38.790001,38.790001,10010700
5/10/2020,38.68,39.16,37.860001,38.450001,38.450001,12259000
5/13/2020,37.5,37.639999,36.369999,36.59,36.59,16829700
5/14/2020,37.040001,37.52,36.599998,36.93,36.93,11125100
5/15/2020,36.669998,38.139999,36.639999,37.900002,37.900002,11523100
5/16/2020,38.110001,38.720001,38.049999,38.299999,38.299999,10104400
5/17/2020,37.830002,38.130001,37.470001,37.5,37.5,9090300
5/20/2020,37.119999,37.73,36.919998,37.150002,37.150002,9411900
5/21/2020,37.470001,37.860001,37.330002,37.470001,37.470001,8861400
5/22/2020,37.41,39.32,37.240002,38.580002,38.580002,21105400
5/23/2020,38.150002,38.290001,36.799999,37.189999,37.189999,18398800
5/24/2020,37.470001,37.849998,37.27,37.41,37.41,9303900
5/28/2020,37.41,38.040001,37.23,37.290001,37.290001,11770300
5/29/2020,37.02,37.400002,36.52,36.849998,36.849998,12270300
5/30/2020,37,37.290001,36.599998,37.139999,37.139999,7413100
5/31/2020,36.619999,36.959999,36.299999,36.439999,36.439999,8556100
6/3/2020,36.450001,36.900002,34.040001,34.43,34.43,22217100
6/4/2020,35.18,36.150002,34.970001,36.099998,36.099998,15357100
6/5/2020,36.5,36.709999,35.950001,36.330002,36.330002,12798700
6/6/2020,36.259998,36.75,35.959999,36.59,36.59,8863000
6/7/2020,36.869999,38.310001,36.799999,37.93,37.93,15399700
6/10/2020,38.349998,38.639999,37.619999,37.639999,37.639999,10036400
6/11/2020,38.09,38.259998,36.849998,37.209999,37.209999,9528600
6/12/2020,37.130001,37.619999,37.049999,37.490002,37.490002,6793300
6/13/2020,37.040001,37.040001,35.759998,36.34,36.34,21679400
6/14/2020,36.360001,36.490002,36.040001,36.150002,36.150002,7791100
6/17/2020,36.259998,36.68,36.110001,36.439999,36.439999,7896000
6/18/2020,36.709999,37.509998,36.549999,36.650002,36.650002,12705500
6/19/2020,36.630001,36.68,35.810001,36.290001,36.290001,12059700
6/20/2020,36.349998,36.650002,35.330002,35.439999,35.439999,19676100
6/21/2020,35.5,35.75,34.990002,35.02,35.02,12853600
6/24/2020,35.189999,35.669998,34.82,35.580002,35.580002,9216800
6/25/2020,35.52,35.73,34.57,34.720001,34.720001,11196400
6/26/2020,34.98,35.380001,34.919998,35.220001,35.220001,8744800
6/27/2020,35.439999,35.639999,34.610001,34.75,34.75,12655900
6/28/2020,34.75,34.990002,34.279999,34.900002,34.900002,15505300
7/1/2020,35.5,36.25,35.220001,36.080002,36.080002,14416800
7/2/2020,36.169998,36.599998,35.889999,36.220001,36.220001,8393200
7/3/2020,36.290001,36.389999,35.939999,36.02,36.02,5372600
7/5/2020,36,36.349998,35.599998,36.25,36.25,6084800
7/8/2020,36.040001,36.639999,35.869999,36.450001,36.450001,8058100
7/9/2020,36.349998,37.669998,36.290001,37.650002,37.650002,14218000
7/10/2020,37.900002,38.029999,36.880001,37.470001,37.470001,11831800
7/11/2020,37.66,37.869999,36.970001,37.209999,37.209999,8549500
7/12/2020,37.369999,37.900002,37.169998,37.84,37.84,8048700
7/15/2020,38,38.970001,37.939999,38.68,38.68,12738700
7/16/2020,38.779999,38.790001,37.82,37.990002,37.990002,10979600
7/17/2020,37.860001,38.23,37.560001,37.700001,37.700001,7926600
7/18/2020,37.389999,37.799999,37,37.66,37.66,11125900
7/19/2020,37.959999,38.09,36.73,36.77,36.77,10842400
7/22/2020,36.919998,37.689999,36.830002,37.580002,37.580002,8405600
7/23/2020,37.869999,38.02,36.82,37.900002,37.900002,10741500
7/24/2020,38,38.799999,37.759998,38.73,38.73,12488500
7/25/2020,39,39.23,37.91,38.119999,38.119999,21255400
7/26/2020,40.07,42.330002,40,41.52,41.52,57527600
7/29/2020,41.5,42.220001,40.900002,41.5,41.5,21170600
7/30/2020,41.080002,41.720001,40.82,41,41,15670600
7/31/2020,41.080002,43.240002,41.009998,42.310001,42.310001,29745300
8/1/2020,42.540001,43.48,41.720001,42.080002,42.080002,22883600
8/2/2020,41.82,43.040001,41.59,42.849998,42.849998,20617200
8/5/2020,41.580002,42,39.619999,40.369999,40.369999,23081000
8/6/2020,40.919998,41.639999,40.779999,41.32,41.32,15077900
8/7/2020,40.509998,41.900002,40.330002,41.73,41.73,15427600
8/8/2020,42.110001,42.349998,41.360001,42.07,42.07,14684600
8/9/2020,41.779999,41.970001,40.939999,41.529999,41.529999,11419600
8/12/2020,41.099998,41.48,40.389999,40.48,40.48,6934500
8/13/2020,40.41,41.860001,40.380001,41.810001,41.810001,12429900
8/14/2020,41.029999,41.25,40.389999,40.650002,40.650002,11638700
8/15/2020,40.900002,41.049999,39.779999,40.09,40.09,12583100
8/16/2020,40.299999,40.650002,40.110001,40.580002,40.580002,7998800
8/19/2020,41.099998,41.880001,41.049999,41.700001,41.700001,10276500
8/20/2020,41.639999,42.849998,41.380001,42.290001,42.290001,11356700
8/21/2020,42.830002,43.279999,42.360001,42.799999,42.799999,12019600
8/22/2020,42.849998,43.080002,41.59,42.18,42.18,8277000
8/23/2020,41.82,42.689999,40.810001,41,41,14036200
8/26/2020,41.400002,41.48,41,41.439999,41.439999,6403600
8/27/2020,42.009998,42.689999,41.529999,42.139999,42.139999,16087500
8/28/2020,41.75,42.200001,41.299999,41.68,41.68,10418400
8/29/2020,42.25,42.650002,41.82,42.490002,42.490002,10594400
8/30/2020,42.700001,42.700001,41.900002,42.650002,42.650002,8863600
9/3/2020,42.380001,43.77,41.639999,41.959999,41.959999,16159600
9/4/2020,42.490002,43.400002,42.110001,43.360001,43.360001,11567900
9/5/2020,43.779999,45.330002,43.619999,45.299999,45.299999,19319800
9/6/2020,45.220001,45.68,44.560001,45.419998,45.419998,13108500
9/9/2020,45.599998,45.860001,43.84,44.259998,44.259998,14547400
9/10/2020,43.900002,43.950001,42.509998,43.25,43.25,14040100
9/11/2020,43.549999,43.779999,43.049999,43.25,43.25,7861200
9/12/2020,43.759998,44.110001,43.110001,43.200001,43.200001,8251700
9/13/2020,43.150002,43.200001,42.330002,42.630001,42.630001,8059600
9/16/2020,42.400002,43.07,42.189999,42.759998,42.759998,6187900
9/17/2020,42.900002,43.59,42.880001,43.240002,43.240002,8654400
9/18/2020,43.209999,43.41,42.389999,43.240002,43.240002,7845100
9/19/2020,43.189999,43.580002,42.68,42.93,42.93,7372600
9/20/2020,43.16,43.84,42.939999,43.23,43.23,19372900
9/23/2020,43.290001,44.09,42.849998,43.380001,43.380001,9992400
9/24/2020,43.709999,43.75,41.060001,41.419998,41.419998,16120700
9/25/2020,41.509998,42.779999,41.18,42.5,42.5,9731600
9/26/2020,42.380001,42.490002,41.720001,42.439999,42.439999,5951400
9/27/2020,42.5,42.669998,40.610001,41.349998,41.349998,11933700
9/30/2020,41.459999,41.48,40.82,41.200001,41.200001,7541400
10/1/2020,41.32,41.57,40.029999,40.25,40.25,9278800
10/2/2020,40.119999,40.119999,39.25,39.700001,39.700001,9306300
10/3/2020,39.59,40.16,38.610001,40,40,13421400
10/4/2020,40.360001,40.59,39.830002,40.360001,40.360001,6283700
10/7/2020,40.240002,40.869999,40.060001,40.799999,40.799999,6563700
10/8/2020,40.41,40.48,39.669998,39.700001,39.700001,7304300
10/9/2020,39.990002,40.099998,39.220001,39.5,39.5,8021300
10/10/2020,39.34,39.889999,39.259998,39.540001,39.540001,6718000
10/11/2020,39.889999,40.700001,39.810001,40.360001,40.360001,9198900
10/14/2020,40.32,40.470001,39.470001,39.779999,39.779999,6393600
10/15/2020,39.560001,40.400002,39.349998,40.279999,40.279999,7676700
10/16/2020,40.009998,40.459999,39.599998,39.91,39.91,8324900
10/17/2020,40.119999,40.150002,39.41,39.610001,39.610001,7147100
10/18/2020,39.689999,39.91,38.27,38.990002,38.990002,12582900
10/21/2020,39.349998,40.290001,39.310001,40.09,40.09,9351100
10/22/2020,40.48,40.48,38.779999,38.810001,38.810001,12817700
10/23/2020,38.990002,39.450001,37.759998,38.830002,38.830002,20276200
10/24/2020,31.860001,32.389999,30.51,30.75,30.75,105112500
10/25/2020,30.870001,31.040001,29.92,30.299999,30.299999,43837200
10/28/2020,30.5,30.66,29.75,30.059999,30.059999,29893900
10/29/2020,30,30.360001,29.82,29.85,29.85,20674800
10/30/2020,30.15,30.17,29.719999,29.860001,29.860001,25518700
10/31/2020,29.469999,29.98,28.84,29.969999,29.969999,36865100
11/1/2020,29.959999,30.26,29.41,29.620001,29.620001,22716700
11/4/2020,29.77,30.15,29.610001,30.049999,30.049999,20340200
11/5/2020,30.190001,30.360001,29.709999,29.809999,29.809999,16645900
11/6/2020,29.85,29.9,29.4,29.540001,29.540001,15313800
11/7/2020,29,29.59,28.629999,29.049999,29.049999,22740600
11/8/2020,29.16,29.43,29.049999,29.209999,29.209999,10619500
11/11/2020,29.129999,29.35,28.92,29.34,29.34,9675000
11/12/2020,29.360001,29.5,28.93,29.049999,29.049999,15144200
11/13/2020,29.040001,29.299999,28.93,29.08,29.08,9217700
11/14/2020,29.16,29.370001,28.73,28.889999,28.889999,13684600
11/15/2020,29.049999,29.43,28.91,29.25,29.25,12163300
11/18/2020,29.24,29.74,29.01,29.49,29.49,14493100
11/19/2020,29.620001,29.67,29.18,29.440001,29.440001,9950900
11/20/2020,29.299999,29.48,28.879999,29.17,29.17,14280400
11/21/2020,29.200001,30.49,29.15,29.790001,29.790001,24304400
11/22/2020,29.870001,30.17,29.58,30.030001,30.030001,14188300
11/25/2020,30.129999,30.57,30.049999,30.540001,30.540001,14035700
11/26/2020,30.57,30.99,30.4,30.959999,30.959999,16323900
11/27/2020,31,31.360001,30.93,31.17,31.17,14151900
11/29/2020,31.110001,31.139999,30.780001,30.91,30.91,7814500
12/2/2020,30.91,30.950001,29.969999,30.42,30.42,14524700
12/3/2020,29.940001,30.01,29.48,29.969999,29.969999,16399500
12/4/2020,30.18,30.33,29.91,30,30,9765000
12/5/2020,30.08,30.360001,29.92,30.040001,30.040001,11060800
12/6/2020,30.35,30.469999,29.98,30.190001,30.190001,10869700
12/9/2020,30.120001,30.75,30.120001,30.209999,30.209999,9955100
12/10/2020,30.23,30.26,29.77,29.84,29.84,12362400
12/11/2020,29.950001,30.6,29.860001,30.549999,30.549999,11006200
12/12/2020,30.469999,30.59,29.93,30.299999,30.299999,18912600
12/13/2020,30.24,30.610001,30.24,30.389999,30.389999,12836700
12/16/2020,30.52,31.280001,30.41,30.969999,30.969999,15852100
12/17/2020,31.07,31.209999,30.629999,30.700001,30.700001,11906500
12/18/2020,30.690001,31.91,30.629999,31.68,31.68,19030900
12/19/2020,31.75,32.419998,31.610001,32.029999,32.029999,19880000
12/20/2020,32.119999,32.25,31.540001,32.130001,32.130001,21854600
12/23/2020,32.130001,32.799999,31.99,32.43,32.43,13983300
12/24/2020,32.439999,32.709999,32.419998,32.5,32.5,4290500
12/26/2020,32.59,32.889999,32.419998,32.630001,32.630001,9797300
12/27/2020,32.75,32.84,32.220001,32.549999,32.549999,10409400
12/30/2020,32.490002,32.5,31.82,32.029999,32.029999,9391200
12/31/2020,31.860001,32.32,31.77,32.049999,32.049999,11050600
1/2/2021,32.310001,32.5,31.959999,32.299999,32.299999,10721100
1/3/2021,31.709999,32.099998,31.26,31.52,31.52,14429500
1/6/2021,31.23,31.709999,31.16,31.639999,31.639999,12582500
1/7/2021,31.799999,32.700001,31.719999,32.540001,32.540001,13712900
1/8/2021,32.349998,33.400002,32.349998,33.049999,33.049999,14632400
1/9/2021,33.529999,33.540001,33,33.220001,33.220001,10865500
1/10/2021,32.860001,33.009998,32.459999,32.779999,32.779999,11148900
1/13/2021,32.970001,33.07,32.490002,32.689999,32.689999,11001300
1/14/2021,32.689999,33.119999,32.639999,32.82,32.82,9814200
1/15/2021,32.990002,33.509998,32.950001,33.23,33.23,11262300
1/16/2021,33.5,34.27,33.029999,34.189999,34.189999,19919900
1/17/2021,33.82,34.389999,33.580002,34.220001,34.220001,19303500
1/21/2021,34.080002,34.389999,33.869999,34.09,34.09,17055600
1/22/2021,34.290001,34.540001,33.959999,34.02,34.02,12851800
1/23/2021,33.990002,34.360001,33.720001,33.889999,33.889999,14887200
1/24/2021,34.110001,34.110001,32.970001,33.189999,33.189999,12336600
1/27/2021,32.310001,32.93,32.150002,32.779999,32.779999,11800800
1/28/2021,33.060001,33.66,32.849998,33.419998,33.419998,9739400
1/29/2021,33.59,33.880001,33.290001,33.630001,33.630001,7563700
1/30/2021,32.860001,33.23,32.389999,33.220001,33.220001,12078600
1/31/2021,33.110001,33.139999,32.080002,32.48,32.48,12033100
2/3/2021,32.560001,33.240002,32.450001,33.07,33.07,14196200
2/4/2021,33.75,34.119999,33.400002,33.959999,33.959999,14598200
2/5/2021,34,34.16,33.189999,33.389999,33.389999,20468200
2/6/2021,36.529999,39.639999,36.419998,38.41,38.41,87659700
2/7/2021,37.630001,38.150002,36.84,37.029999,37.029999,31135100
2/10/2021,36.630001,36.849998,35.650002,35.959999,35.959999,34860300
2/11/2021,36.119999,36.279999,35.529999,35.650002,35.650002,14464700
2/12/2021,36.189999,37.02,36.169998,36.790001,36.790001,20716400
2/13/2021,36.43,37.32,36.209999,37.16,37.16,19621400
2/14/2021,37,37.349998,36.580002,36.91,36.91,12210400
2/18/2021,36.779999,38.07,36.68,38.060001,38.060001,16793600
2/19/2021,38.09,38.91,37.939999,38.77,38.77,19068600
2/20/2021,38.759998,39.060001,37.959999,39.049999,39.049999,17273400
2/21/2021,38.669998,38.759998,38.040001,38.310001,38.310001,15312000
2/24/2021,36.5,36.59,35.299999,35.889999,35.889999,25155400
2/25/2021,36.18,36.450001,34.889999,35.209999,35.209999,19841300
2/26/2021,35.279999,35.82,34.439999,34.630001,34.630001,18044300
2/27/2021,33.73,34.200001,32.470001,33.009998,33.009998,27221400
2/28/2021,31.860001,33.369999,31.51,33.200001,33.200001,33688900
3/2/2021,36,36.860001,35.139999,35.82,35.82,39914700
3/3/2021,36.02,36.48,34.41,34.93,34.93,22973100
3/4/2021,35.759998,36,34.77,36,36,14980300
3/5/2021,35.029999,35.73,34.52,34.970001,34.970001,14132200
3/6/2021,33.810001,33.990002,32.509998,33.459999,33.459999,20361100
3/9/2021,31.809999,35.360001,30.620001,32.459999,32.459999,41767600
3/10/2021,33.900002,34.779999,33.119999,34.310001,34.310001,27327600
3/11/2021,33.299999,33.459999,30.01,31.299999,31.299999,27445400
3/12/2021,29.08,29.690001,26.700001,26.780001,26.780001,32519500
3/13/2021,28.83,29.41,26.4,29.290001,29.290001,29059100
3/16/2021,26.120001,28.35,23.92,24.040001,24.040001,28768100
3/17/2021,24.379999,25.84,23.18,24.48,24.48,28741700
3/18/2021,22.950001,23.49,20,22,22,31012700
3/19/2021,22.110001,25.17,20.66,24.129999,24.129999,29980000
3/20/2021,24.969999,25.860001,23.700001,23.950001,23.950001,28250700
3/23/2021,23.799999,25.25,23.5,24.690001,24.690001,21882600
3/24/2021,25.790001,26.459999,24.129999,25.85,25.85,32815900
3/25/2021,25.85,27.459999,24.52,25.969999,25.969999,25738800
3/26/2021,26.15,27.030001,25.629999,26.41,26.41,20435300
3/27/2021,25.559999,25.83,24.76,25.290001,25.290001,22069300
3/30/2021,25.25,25.940001,24.6,25.59,25.59,20720800
3/31/2021,25.790001,26.33,24.4,24.559999,24.559999,24993400
4/1/2021,23.700001,24.389999,23.049999,23.32,23.32,20027000
4/2/2021,23,23.58,22.360001,23.02,23.02,17114800
4/3/2021,24.1,24.32,22.75,23.09,23.09,25029700
4/6/2021,24.1,25.049999,23.790001,24.93,24.93,26014900
4/7/2021,25.969999,26.860001,25.309999,25.610001,25.610001,25831100
4/8/2021,26.790001,28.459999,25.92,27.860001,27.860001,31240800
4/9/2021,28.48,29.049999,27.280001,27.77,27.77,22233200
4/13/2021,27.549999,27.620001,26.24,27.209999,27.209999,15059900
4/14/2021,28,28.41,27.6,27.940001,27.940001,13766200
4/15/2021,27.1,27.639999,26.75,27.51,27.51,15822200
4/16/2021,26.860001,27.17,25.959999,26.549999,26.549999,21946600
4/17/2021,27.16,27.92,26.469999,26.700001,26.700001,21129500
4/20/2021,26.309999,27.530001,26.110001,27.01,27.01,16755400
4/21/2021,26.389999,26.719999,25.059999,25.75,25.75,28093700
4/22/2021,27,28.5,26.450001,28.440001,28.440001,28587500
4/23/2021,28.43,28.84,27.73,27.860001,27.860001,19019600
4/24/2021,27.99,28.84,27.459999,28.74,28.74,15936400
4/27/2021,29.129999,30.389999,29.129999,30,30,22490600
4/28/2021,30.4,30.450001,28.57,28.790001,28.790001,23364000
4/29/2021,30.059999,31.5,29.620001,31.09,31.09,29568800
4/30/2021,28.790001,30.57,28.09,28.68,28.68,68791300
5/1/2021,28,28.450001,27.190001,27.84,27.84,28231100
5/4/2021,27.6,28.42,27.389999,28.23,28.23,17846300
5/5/2021,28.67,28.73,27.9,28.07,28.07,19221900
5/6/2021,28.35,28.42,27.549999,27.68,27.68,15531000
5/7/2021,28.08,28.780001,27.940001,28.77,28.77,16190500
5/8/2021,29.09,29.969999,28.74,29.93,29.93,19208800
5/11/2021,29.65,30.08,29.33,29.690001,29.690001,13839800
5/12/2021,29.85,29.93,29.09,29.15,29.15,13734500
5/13/2021,29.24,29.68,27.58,28.129999,28.129999,19401700
5/14/2021,27.83,28.58,27.120001,28.559999,28.559999,12364700
5/15/2021,28.299999,29.25,28.110001,29,29,15939200
5/18/2021,29.700001,30.290001,29.559999,29.639999,29.639999,15790000
5/19/2021,29.700001,30.35,29.33,29.879999,29.879999,17386200
5/20/2021,30.5,32.349998,30.450001,32.23,32.23,26955500
5/21/2021,32.099998,32.610001,31.389999,32.34,32.34,22881700
5/22/2021,32.380001,32.77,31.780001,32.619999,32.619999,13310700
5/26/2021,33.599998,34.27,33.360001,34.009998,34.009998,20489300
5/27/2021,33.630001,34,32.240002,33.07,33.07,24550900
5/28/2021,31.5,32.68,31.32,31.6,31.6,37254900
5/29/2021,31.559999,31.610001,30.290001,30.969999,30.969999,39427700
6/1/2021,31.059999,32.099998,30.84,31.889999,31.889999,14583600
6/2/2021,32.189999,32.419998,31.610001,32.259998,32.259998,15318400
6/3/2021,32.610001,35.040001,32.439999,34.880001,34.880001,28396300
6/4/2021,34.5,34.939999,33.34,33.720001,33.720001,20265100
6/5/2021,34.470001,35.970001,34.470001,34.869999,34.869999,23211500
6/8/2021,35.959999,36.939999,35.75,36.639999,36.639999,20211900
6/9/2021,35.990002,36.200001,35.16,35.919998,35.919998,17840700
6/10/2021,36.119999,36.439999,34.900002,35.139999,35.139999,17480700
6/11/2021,33.130001,34.450001,32.720001,33.029999,33.029999,23727900
6/12/2021,33.939999,34.169998,32.470001,33.400002,33.400002,14699100
6/15/2021,32.91,34.189999,32.84,34.110001,34.110001,19342200
6/16/2021,35.139999,35.459999,34.209999,34.630001,34.630001,20132400
6/17/2021,34.490002,34.82,34.099998,34.34,34.34,12261900
6/18/2021,34.299999,34.450001,33.860001,34.029999,34.029999,10543600
6/19/2021,34.639999,34.950001,33.400002,33.41,33.41,19345500
6/22/2021,33.57,33.639999,32.950001,33.470001,33.470001,12896600
6/23/2021,33.75,33.799999,32.73,32.91,32.91,20549300
6/24/2021,32.529999,33.060001,31.34,31.73,31.73,16586800
6/25/2021,31.540001,31.610001,30.82,31.370001,31.370001,17802600
6/26/2021,31.120001,31.32,28.75,29.049999,29.049999,56913600
6/29/2021,28.51,30.040001,28.23,29.49,29.49,27482800
6/30/2021,29.629999,29.82,29.02,29.790001,29.790001,20648000
